run,it_max,acc_train_max,acc_train_last,acc_val_max,acc_val_last,run_time,weights,bias,losses,j_train,j_val,pred_train,pred_val,acc_train,acc_val
0,0,32.0,32.0,44.3,44.4,11.886399269104004,"[tensor([5.59404541, 1.77340064, 1.18862362, 0.7686123 , 3.02832099,
        0.31247553, 0.26476179, 2.49147622, 1.49454717, 0.49286158,
        1.39628089, 1.57246608, 4.53754455, 1.1582129 , 0.96637596,
        3.94488712, 4.20218584, 4.92343955, 0.36857055, 1.30832979,
        1.28454223, 5.1145815 , 0.71297823, 6.06087509, 1.74852514,
        2.08748006, 2.80225495, 5.2574434 , 3.76994295, 3.80428444,
        4.9580299 , 5.56172734, 4.40897742, 1.09048201, 3.1760026 ,
        1.26747106, 0.79957964, 5.44071981, 3.48987356, 3.57053115,
        5.143867  , 2.7773171 , 2.80158615, 0.28629189, 5.92211019], requires_grad=True), tensor([5.59433834, 1.77333978, 1.18868723, 0.76831666, 3.0283949 ,
        0.31241468, 0.26484079, 2.49132682, 1.49399861, 0.49264566,
        1.39671455, 1.5726928 , 4.53746759, 1.1585169 , 0.96680962,
        3.94470705, 4.20239077, 4.92283008, 0.36798055, 1.30840379,
        1.28474716, 5.11473366, 0.71290869, 6.06103525, 1.74852514,
        2.08748006, 2.80225495, 5.2574434 , 3.76994295, 3.80428444,
        4.95751084, 5.56160695, 4.4084008 , 1.09033145, 3.17528026,
        1.26735068, 0.79953477, 5.44028591, 3.48966698, 3.57090535,
        5.14372592, 2.77729431, 2.80125009, 0.28629189, 5.9219691 ], requires_grad=True)]","[array([0., 0., 0., 0.]), array([0., 0., 0., 0.])]","[tensor(2.31622382, requires_grad=True), tensor(2.31360481, requires_grad=True)]","[[-2.78617828  0.22959906]
 [ 2.82418002  3.551838  ]
 [-1.85468716  3.28162452]
 [-3.52932304  2.97789643]
 [ 3.88794554  0.07276486]
 [ 3.44078623 -2.5978649 ]
 [-1.04158283 -3.32864059]
 [-1.74625114 -1.1136354 ]
 [-1.96459815  0.33135889]
 [ 3.20650568  0.56961486]
 [-3.73475287 -3.05299505]
 [-1.32080082  3.97856468]
 [-1.94492857 -2.30019244]
 [-3.60662454 -2.85089664]
 [-0.61245294 -1.13979875]
 [ 3.88855259  1.73760016]
 [ 2.56288385  2.56264631]
 [-2.14589172 -2.14038609]
 [-1.6636848  -0.16367075]
 [-0.48802042  3.67076302]
 [-3.99374631 -0.87716266]
 [-3.88335741 -2.2106768 ]
 [ 0.57307402 -3.63279751]
 [-1.89882218  3.61383578]
 [-1.64291044  2.65455584]
 [ 2.7724356  -1.38166687]
 [ 3.33683309 -3.42606364]
 [ 3.83003745  0.79593002]
 [ 1.38076539  2.91514144]
 [ 3.37174354 -1.88555738]
 [-0.9849582   3.21243952]
 [ 1.70373081 -3.82951893]
 [ 3.30224752 -2.0072907 ]
 [-3.043075    0.95353057]
 [ 2.56929609  0.31800681]
 [-0.32580663  1.48084701]
 [-2.89937478 -0.497152  ]
 [ 0.92835726 -1.59463639]
 [-0.78653053 -2.88002   ]
 [-3.45783814 -3.64468966]
 [ 3.52644772  3.77566255]
 [-2.06213325  2.31931012]
 [-3.51901028  0.4976746 ]
 [ 3.8646536  -1.51202138]
 [ 2.17051779  0.77502636]
 [-0.702652   -3.32414783]
 [ 3.57501516 -0.36438932]
 [ 0.79066121 -3.55018096]
 [ 1.26360976 -1.1564837 ]
 [ 3.90886973 -3.50381757]
 [ 2.46084633  0.4593073 ]
 [ 0.81662857 -2.82350262]
 [-2.31473856 -2.97216805]
 [ 2.58301374  0.09277831]
 [ 3.56451071 -0.48581628]
 [ 3.06685229  1.06245926]
 [-3.7849194  -3.21210718]
 [ 3.95975147 -0.91343926]
 [ 1.40237606 -0.73474688]
 [ 1.42868975 -0.45826251]
 [ 3.47405229 -1.81946301]
 [-1.53969226  0.09464504]
 [-0.51919674  0.61349411]
 [-3.68455039 -2.92699965]
 [ 3.71460452  1.79422221]
 [-3.16946919  0.05125404]
 [-1.69655586 -3.49532528]
 [-2.93038059 -1.90857195]
 [-2.23619268 -2.9049953 ]
 [-3.194898   -0.20158586]
 [-1.18247515  0.66034112]
 [-2.41509937 -1.89904775]
 [-2.45821888 -1.13859388]
 [-1.1399349  -3.91818159]
 [ 0.08559947 -1.97183464]
 [ 0.97209974 -3.84428805]
 [-0.6902215  -2.30904749]
 [ 0.66372834  0.39402807]
 [-0.56336441  0.18650307]
 [-0.48464365 -0.03450721]
 [-0.01268555  0.27918531]
 [ 0.24340378 -0.20636687]
 [-1.17215534  0.67512365]
 [-1.16774589  0.48000898]
 [ 0.59039686 -0.04848326]
 [ 0.15305008  0.6436733 ]
 [ 0.18329693  0.63179194]
 [ 0.70672785  0.5191421 ]
 [ 0.2010416   0.41817068]
 [-0.03685438 -0.17666728]
 [-0.04720386 -0.43187985]
 [-0.22140997  0.34692387]
 [-0.10403859  0.62138143]
 [ 0.18584177 -0.14076966]
 [ 0.13277599 -0.47417492]
 [ 0.42045422  0.38212615]
 [ 0.13880873  0.27052011]
 [ 0.2474385   0.73277766]
 [ 0.4734009   0.05018409]
 [-0.79595849  0.46969284]]","[[ 3.18964467  2.51331239]
 [-1.03920143 -1.74201073]
 [ 1.28263109  3.22734847]
 ...
 [-1.33873802 -1.82495959]
 [ 2.33714349 -0.20651523]
 [-2.93822913  2.14377595]]","[array([0, 0, 0, 0, 0, 0, 0, 0, 0, 3, 0, 0, 0, 0, 0, 0, 0, 0, 0, 0, 0, 0,
       3, 0, 0, 0, 0, 3, 3, 3, 0, 0, 0, 0, 0, 0, 0, 0, 3, 0, 0, 0, 0, 0,
       3, 0, 1, 0, 1, 0, 0, 0, 1, 0, 0, 1, 1, 1, 0, 0, 1, 1, 1, 0, 0, 0,
       1, 0, 1, 1, 0, 0, 1, 0, 0, 0, 0, 0, 0, 0, 0, 0, 0, 0, 0, 0, 0, 0,
       0, 0, 0, 0, 0, 0, 0, 0, 0, 0, 0, 0]), array([0, 0, 0, 0, 0, 0, 0, 0, 0, 3, 0, 0, 0, 0, 0, 0, 0, 0, 0, 0, 0, 0,
       3, 0, 0, 0, 0, 3, 3, 3, 0, 0, 0, 0, 0, 0, 0, 0, 3, 0, 0, 0, 0, 0,
       3, 0, 1, 0, 1, 0, 0, 0, 1, 0, 0, 1, 1, 1, 0, 0, 1, 1, 1, 0, 0, 0,
       1, 0, 1, 1, 0, 0, 1, 0, 0, 0, 0, 0, 0, 0, 0, 0, 0, 0, 0, 0, 0, 0,
       0, 0, 0, 0, 0, 0, 0, 0, 0, 0, 0, 0])]","[array([0, 0, 0, 0, 0, 0, 0, 0, 0, 0, 0, 0, 0, 0, 0, 3, 0, 0, 0, 0, 0, 1,
       0, 0, 0, 0, 0, 0, 0, 0, 0, 0, 1, 3, 0, 0, 3, 0, 3, 3, 0, 0, 0, 0,
       3, 3, 0, 0, 0, 0, 0, 1, 0, 0, 0, 1, 0, 1, 0, 1, 1, 0, 3, 0, 3, 3,
       0, 0, 0, 0, 0, 0, 0, 0, 0, 3, 0, 0, 3, 0, 0, 0, 0, 0, 3, 0, 0, 0,
       3, 0, 3, 0, 0, 0, 0, 1, 1, 1, 0, 0, 0, 0, 0, 0, 1, 0, 1, 0, 0, 3,
       1, 3, 3, 3, 0, 0, 0, 0, 0, 0, 0, 3, 0, 0, 0, 0, 0, 3, 0, 0, 0, 3,
       3, 0, 0, 0, 0, 0, 0, 3, 0, 0, 0, 1, 0, 0, 0, 0, 1, 3, 0, 0, 0, 0,
       0, 0, 0, 0, 0, 1, 0, 0, 0, 0, 1, 0, 0, 0, 0, 0, 0, 0, 0, 0, 0, 3,
       0, 0, 1, 0, 0, 0, 3, 3, 0, 1, 0, 0, 0, 0, 0, 0, 0, 0, 0, 0, 3, 0,
       0, 3, 0, 0, 0, 0, 0, 0, 3, 0, 0, 3, 1, 0, 3, 0, 0, 0, 0, 0, 0, 1,
       0, 0, 3, 0, 0, 0, 0, 0, 1, 1, 0, 0, 0, 0, 0, 0, 0, 0, 0, 0, 0, 0,
       0, 0, 0, 0, 0, 1, 0, 0, 0, 0, 0, 1, 3, 0, 0, 1, 3, 0, 0, 3, 0, 0,
       0, 0, 0, 0, 0, 0, 0, 0, 0, 0, 0, 0, 0, 0, 3, 3, 0, 3, 0, 0, 0, 0,
       0, 0, 0, 0, 1, 0, 0, 0, 0, 3, 0, 0, 1, 0, 1, 0, 3, 3, 0, 0, 3, 3,
       1, 0, 3, 1, 0, 0, 0, 3, 0, 1, 0, 0, 0, 3, 3, 0, 3, 0, 0, 0, 1, 0,
       0, 0, 0, 0, 0, 0, 0, 0, 0, 0, 0, 0, 0, 0, 0, 0, 0, 0, 0, 0, 0, 0,
       1, 0, 0, 3, 1, 0, 3, 0, 0, 0, 3, 3, 0, 0, 3, 3, 0, 0, 0, 0, 0, 0,
       0, 0, 1, 0, 0, 0, 0, 0, 0, 0, 1, 0, 0, 0, 0, 0, 0, 0, 0, 0, 0, 3,
       3, 1, 0, 3, 0, 0, 0, 3, 0, 0, 0, 0, 1, 0, 0, 0, 0, 0, 1, 0, 0, 0,
       0, 0, 0, 0, 3, 0, 0, 0, 0, 1, 0, 0, 0, 0, 0, 0, 0, 0, 0, 3, 0, 0,
       0, 0, 3, 0, 0, 3, 0, 0, 3, 0, 1, 0, 0, 0, 0, 0, 0, 0, 1, 0, 0, 0,
       0, 1, 3, 3, 0, 0, 1, 0, 3, 0, 0, 0, 0, 0, 0, 0, 0, 0, 0, 0, 3, 1,
       0, 0, 0, 0, 3, 0, 0, 0, 0, 0, 0, 0, 0, 0, 0, 1, 0, 0, 0, 0, 0, 0,
       1, 0, 3, 3, 0, 0, 0, 0, 3, 0, 0, 1, 0, 0, 0, 3, 0, 0, 0, 0, 3, 3,
       0, 3, 1, 0, 0, 0, 0, 0, 0, 3, 0, 0, 3, 0, 0, 0, 3, 0, 0, 3, 0, 0,
       0, 0, 0, 0, 0, 1, 0, 1, 0, 0, 0, 0, 0, 0, 3, 0, 0, 3, 0, 3, 0, 0,
       0, 3, 0, 0, 3, 0, 0, 0, 0, 0, 0, 1, 0, 0, 0, 0, 1, 0, 0, 0, 3, 0,
       0, 0, 0, 0, 0, 0, 0, 1, 0, 0, 0, 0, 1, 0, 0, 0, 1, 0, 0, 0, 0, 3,
       0, 3, 0, 0, 1, 3, 3, 0, 0, 0, 0, 0, 0, 0, 0, 3, 0, 0, 0, 0, 0, 0,
       0, 1, 1, 0, 1, 0, 0, 0, 0, 0, 0, 0, 3, 1, 0, 0, 0, 0, 3, 0, 0, 1,
       1, 0, 0, 0, 0, 0, 0, 3, 0, 1, 3, 3, 0, 3, 0, 0, 0, 3, 3, 3, 0, 1,
       1, 0, 0, 0, 0, 0, 0, 3, 0, 0, 0, 0, 3, 0, 1, 0, 0, 0, 1, 0, 3, 0,
       0, 0, 0, 0, 3, 0, 0, 0, 0, 0, 0, 0, 0, 0, 0, 0, 3, 3, 3, 0, 3, 0,
       0, 0, 3, 0, 0, 0, 0, 0, 0, 0, 0, 0, 0, 0, 0, 0, 0, 0, 0, 0, 0, 0,
       0, 0, 1, 0, 0, 3, 0, 0, 3, 1, 0, 0, 0, 3, 3, 0, 0, 3, 3, 0, 1, 3,
       0, 0, 3, 1, 1, 3, 0, 0, 0, 0, 1, 0, 0, 0, 0, 1, 1, 0, 0, 0, 0, 0,
       1, 0, 0, 0, 0, 0, 0, 0, 0, 3, 1, 0, 0, 3, 0, 0, 0, 0, 0, 1, 0, 1,
       0, 0, 0, 0, 0, 0, 0, 0, 0, 3, 0, 0, 0, 0, 1, 0, 0, 0, 1, 3, 0, 0,
       3, 0, 0, 0, 0, 0, 0, 0, 1, 0, 3, 0, 3, 0, 0, 3, 3, 0, 0, 0, 0, 0,
       3, 0, 0, 0, 0, 0, 0, 1, 1, 0, 0, 1, 0, 0, 3, 3, 0, 0, 0, 3, 0, 0,
       0, 1, 0, 1, 0, 0, 3, 3, 3, 0, 0, 0, 0, 0, 0, 0, 0, 0, 0, 1, 0, 0,
       0, 0, 0, 0, 0, 3, 3, 3, 0, 0, 3, 0, 3, 0, 0, 0, 0, 0, 0, 0, 3, 0,
       0, 0, 1, 0, 0, 0, 0, 0, 0, 0, 0, 0, 0, 0, 0, 0, 3, 0, 0, 0, 0, 0,
       0, 0, 1, 3, 0, 3, 0, 1, 3, 0, 1, 0, 0, 0, 0, 0, 0, 0, 3, 0, 0, 0,
       1, 0, 0, 1, 0, 3, 0, 0, 0, 1, 0, 0, 1, 0, 0, 0, 0, 0, 0, 3, 3, 0,
       0, 1, 0, 3, 0, 0, 0, 0, 1, 3]), array([0, 0, 0, 0, 0, 0, 0, 0, 0, 0, 0, 0, 0, 0, 0, 3, 0, 0, 0, 0, 0, 1,
       0, 0, 0, 0, 0, 0, 0, 0, 0, 0, 1, 3, 0, 0, 3, 0, 3, 3, 0, 0, 0, 0,
       3, 3, 0, 0, 0, 0, 0, 1, 0, 0, 0, 1, 0, 1, 0, 1, 1, 0, 3, 0, 3, 3,
       0, 0, 0, 0, 0, 0, 0, 0, 0, 3, 0, 0, 3, 0, 0, 0, 0, 0, 3, 0, 0, 0,
       3, 0, 0, 0, 0, 0, 0, 1, 1, 1, 0, 0, 0, 0, 0, 0, 1, 0, 1, 0, 0, 3,
       1, 3, 3, 3, 0, 0, 0, 0, 0, 0, 0, 3, 0, 0, 0, 0, 0, 3, 0, 0, 0, 3,
       3, 0, 0, 0, 0, 0, 0, 3, 0, 0, 0, 1, 0, 0, 0, 0, 1, 3, 0, 0, 0, 0,
       0, 0, 0, 0, 0, 1, 0, 0, 0, 0, 1, 0, 0, 0, 0, 0, 0, 0, 0, 0, 0, 3,
       0, 0, 1, 0, 0, 0, 3, 3, 0, 1, 0, 0, 0, 0, 0, 0, 0, 0, 0, 0, 3, 0,
       0, 3, 0, 0, 0, 0, 0, 0, 3, 0, 0, 3, 1, 0, 3, 0, 0, 0, 0, 0, 0, 1,
       0, 0, 3, 0, 0, 0, 0, 0, 1, 1, 0, 0, 0, 0, 0, 0, 0, 0, 0, 0, 0, 0,
       0, 0, 0, 0, 0, 1, 0, 0, 0, 0, 0, 1, 3, 0, 0, 1, 3, 0, 0, 3, 0, 0,
       0, 0, 0, 0, 0, 0, 0, 0, 0, 0, 0, 0, 0, 0, 3, 3, 0, 3, 0, 0, 0, 0,
       0, 0, 0, 0, 1, 0, 0, 0, 0, 3, 0, 0, 1, 0, 1, 0, 3, 3, 0, 0, 3, 3,
       1, 0, 3, 1, 0, 0, 0, 3, 0, 1, 0, 0, 0, 3, 3, 0, 3, 0, 0, 0, 1, 0,
       0, 0, 0, 0, 0, 0, 0, 0, 0, 0, 0, 0, 0, 0, 0, 0, 0, 0, 0, 0, 0, 0,
       1, 0, 0, 3, 1, 0, 3, 0, 0, 0, 3, 3, 0, 0, 3, 3, 0, 0, 0, 0, 0, 0,
       0, 0, 1, 0, 0, 0, 0, 0, 0, 0, 1, 0, 0, 0, 0, 0, 0, 0, 0, 0, 0, 3,
       3, 1, 0, 3, 0, 0, 0, 3, 0, 0, 0, 0, 1, 0, 0, 0, 0, 0, 1, 0, 0, 0,
       0, 0, 0, 0, 3, 0, 0, 0, 0, 1, 0, 0, 0, 0, 0, 0, 0, 0, 0, 3, 0, 0,
       0, 0, 3, 0, 0, 3, 0, 0, 3, 0, 1, 0, 0, 0, 0, 0, 0, 0, 1, 0, 0, 0,
       0, 1, 3, 3, 0, 0, 1, 0, 3, 0, 0, 0, 0, 0, 0, 0, 0, 0, 0, 0, 3, 1,
       0, 0, 0, 0, 3, 0, 0, 0, 0, 0, 0, 0, 0, 0, 0, 1, 0, 0, 0, 0, 0, 0,
       1, 0, 3, 3, 0, 0, 0, 0, 3, 0, 0, 1, 0, 0, 0, 3, 0, 0, 0, 0, 3, 3,
       0, 3, 1, 0, 0, 0, 0, 0, 0, 3, 0, 0, 3, 0, 0, 0, 3, 0, 0, 3, 0, 0,
       0, 0, 0, 0, 0, 1, 0, 1, 0, 0, 0, 0, 0, 0, 3, 0, 0, 3, 0, 3, 0, 0,
       0, 3, 0, 0, 3, 0, 0, 0, 0, 0, 0, 1, 0, 0, 0, 0, 1, 0, 0, 0, 3, 0,
       0, 0, 0, 0, 0, 0, 0, 1, 0, 0, 0, 0, 1, 0, 0, 0, 1, 0, 0, 0, 0, 3,
       0, 3, 0, 0, 1, 3, 3, 0, 0, 0, 0, 0, 0, 0, 0, 3, 0, 0, 0, 0, 0, 0,
       0, 1, 1, 0, 1, 0, 0, 0, 0, 0, 0, 0, 3, 1, 0, 0, 0, 0, 3, 0, 0, 1,
       1, 0, 0, 0, 0, 0, 0, 3, 0, 1, 3, 3, 0, 3, 0, 0, 0, 3, 3, 3, 0, 1,
       1, 0, 0, 0, 0, 0, 0, 3, 0, 0, 0, 0, 3, 0, 1, 0, 0, 0, 1, 0, 3, 0,
       0, 0, 0, 0, 3, 0, 0, 0, 0, 0, 0, 0, 0, 0, 0, 0, 3, 3, 3, 0, 3, 0,
       0, 0, 3, 0, 0, 0, 0, 0, 0, 0, 0, 0, 0, 0, 0, 0, 0, 0, 0, 0, 0, 0,
       0, 0, 1, 0, 0, 3, 0, 0, 3, 1, 0, 0, 0, 3, 3, 0, 0, 3, 3, 0, 1, 3,
       0, 0, 3, 1, 1, 3, 0, 0, 0, 0, 1, 0, 0, 0, 0, 1, 1, 0, 0, 0, 0, 0,
       1, 0, 0, 0, 0, 0, 0, 0, 0, 3, 1, 0, 0, 3, 0, 0, 0, 0, 0, 1, 0, 1,
       0, 0, 0, 0, 0, 0, 0, 0, 0, 3, 0, 0, 0, 0, 1, 0, 0, 0, 1, 3, 0, 0,
       3, 0, 0, 0, 0, 0, 0, 0, 1, 0, 3, 0, 3, 0, 0, 3, 3, 0, 0, 0, 0, 0,
       3, 0, 0, 0, 0, 0, 0, 1, 1, 0, 0, 1, 0, 0, 3, 3, 0, 0, 0, 3, 0, 0,
       0, 1, 0, 1, 0, 0, 3, 3, 3, 0, 0, 0, 0, 0, 0, 0, 0, 0, 0, 1, 0, 0,
       0, 0, 0, 0, 0, 3, 3, 3, 0, 0, 3, 0, 3, 0, 0, 0, 0, 0, 0, 0, 3, 0,
       0, 0, 1, 0, 0, 0, 0, 0, 0, 0, 0, 0, 0, 0, 0, 0, 3, 0, 0, 0, 0, 0,
       0, 0, 1, 3, 0, 3, 0, 1, 3, 0, 1, 0, 0, 0, 0, 0, 0, 0, 3, 0, 0, 0,
       1, 0, 0, 1, 0, 3, 0, 0, 0, 1, 0, 0, 1, 0, 0, 0, 0, 0, 0, 3, 3, 0,
       0, 1, 0, 3, 0, 0, 0, 0, 1, 3])]","[32.0, 32.0]","[44.3, 44.4]"
1,1,30.0,30.0,26.3,26.3,8.173893690109253,"[tensor([4.28781818, 4.21342932, 0.93299372, 5.76814994, 2.08040257,
        3.63680652, 3.724643  , 3.3967277 , 2.54751837, 2.69729071,
        6.13676549, 4.55318585, 2.06378617, 5.18239582, 2.0566329 ,
        0.24240866, 0.84297921, 2.55786712, 4.33097151, 1.5843159 ,
        2.51427132, 1.81060738, 4.21765363, 2.10241876, 4.05059289,
        3.13019003, 5.70956041, 0.91044967, 2.06966667, 3.25795972,
        3.57555179, 1.02009523, 5.30828702, 2.31415672, 4.76276177,
        0.34759741, 1.89070153, 5.64461007, 4.754431  , 4.86938734,
        4.38438114, 5.25922147, 5.23698914, 5.98443411, 6.11233063], requires_grad=True), tensor([4.28699754, 4.21314133, 0.93276191, 5.76853145, 2.08055686,
        3.63651852, 3.72465193, 3.39741378, 2.54724068, 2.69637673,
        6.13759298, 4.55270143, 2.06466686, 5.18142427, 2.0574604 ,
        0.2425082 , 0.84271775, 2.55753468, 4.33094436, 1.58472996,
        2.51400986, 1.81026683, 4.21773544, 2.10255282, 4.05059289,
        3.13019003, 5.70956041, 0.91044967, 2.06966667, 3.25795972,
        3.57562459, 1.02009105, 5.30835763, 2.31401577, 4.76284069,
        0.34759323, 1.89050479, 5.64492564, 4.75396514, 4.86920378,
        4.38443167, 5.25950178, 5.23731916, 5.98443411, 6.11238116], requires_grad=True)]","[array([0., 0., 0., 0.]), array([0., 0., 0., 0.])]","[tensor(2.12083426, requires_grad=True), tensor(2.11709928, requires_grad=True)]","[[ 3.69061158 -3.59669553]
 [-1.14914013 -3.20553735]
 [-2.47808404 -1.75247335]
 [ 2.66911766  0.85125296]
 [-1.35816409 -3.25612079]
 [ 2.65857324 -0.89119386]
 [ 2.48804766  2.50100326]
 [-3.02057395 -3.0300003 ]
 [-2.47419158  1.81390469]
 [-3.01680595 -0.81791788]
 [ 0.66196048  3.08426295]
 [-3.34195396 -0.16387542]
 [ 2.97958202  3.10128125]
 [-0.6282828  -3.22156293]
 [ 0.45632488  1.84606364]
 [ 0.74293648 -0.71006083]
 [-1.59650736 -3.70232932]
 [-0.51534198 -3.30470522]
 [-0.23964231 -3.47174267]
 [ 3.26020402  1.32277596]
 [-2.78230967 -0.4789922 ]
 [ 2.18295277 -0.93899124]
 [-1.89786823  0.57812193]
 [-1.27047181  3.13395798]
 [ 2.03313657  2.09346795]
 [-3.68068681  0.64901638]
 [-1.81346382 -1.59285288]
 [-2.23038813 -1.19993626]
 [-2.74083149 -1.83392153]
 [ 1.35405929 -0.32284849]
 [ 1.31382221 -1.35827993]
 [-2.24460166 -3.5688325 ]
 [-2.08755017  1.85125485]
 [-2.89728567  3.13170975]
 [-3.33647615 -3.86848493]
 [ 3.98054431 -3.30922331]
 [ 3.95803319 -3.51622857]
 [ 2.69099271  2.42280995]
 [ 3.70966251  0.29299521]
 [ 3.45362534 -3.19662301]
 [ 0.30373024 -3.90886957]
 [ 0.78482619  0.07898093]
 [ 3.48472783 -3.08531345]
 [ 3.85194313 -2.63416114]
 [ 0.67420481  3.51660435]
 [ 2.38197667 -3.67527184]
 [ 2.99810629 -2.58703546]
 [-1.97341182  1.35710763]
 [ 2.19825101 -0.01742726]
 [ 1.27131433  1.88727611]
 [-1.08418272 -0.92376032]
 [ 2.9275824  -1.19375272]
 [ 0.65674101 -0.98336069]
 [-3.13750155 -3.16783395]
 [-3.26550561 -1.83893848]
 [ 3.81951776  0.11646351]
 [-2.46611079 -2.38483415]
 [ 2.67991352 -0.29653235]
 [ 2.96999885 -1.83572595]
 [-0.25754141 -1.93096108]
 [ 1.67236873 -1.59082845]
 [-3.66058641 -3.55918369]
 [ 3.11477331 -2.89134538]
 [-0.29251192  0.12303787]
 [-2.04390988 -0.13365083]
 [-1.35219202 -0.33647867]
 [ 1.67052186  0.33763945]
 [-3.67872222 -0.61410029]
 [-2.20978459 -0.37467425]
 [-1.10604498 -1.37676195]
 [ 3.81816249  1.16196691]
 [-2.13167369 -2.04654458]
 [-2.64124377  0.50900162]
 [-3.98215738 -1.5314001 ]
 [-2.32967668  0.2167358 ]
 [ 0.80931849 -3.7347928 ]
 [ 1.32052929 -3.54034779]
 [ 0.77549768  0.51057249]
 [-0.27921647 -0.28429516]
 [-0.56619814  0.72745414]
 [-0.39177818  0.36462564]
 [-0.05035823  0.64807887]
 [-1.42292477  0.75269631]
 [ 1.43901684  0.76483971]
 [-0.38943576  0.79206743]
 [-0.48375842  0.76178587]
 [ 0.5958737   0.33775742]
 [-0.35747097 -0.19257588]
 [ 0.01376479  0.36684406]
 [-1.02866822  0.33495884]
 [ 0.88080773  0.17692314]
 [-0.07223543 -0.60867138]
 [-1.08342258  0.64007663]
 [-0.97924258  0.61480882]
 [-0.05900298 -0.28960235]
 [ 0.27739809 -0.0823382 ]
 [-0.33893113  0.11199097]
 [-0.27393324  0.12705512]
 [-1.34573816  0.64296905]
 [-0.28067119  0.279225  ]]","[[-2.46645939 -3.48680677]
 [ 2.38975601 -1.60358152]
 [-1.87159631 -2.40383109]
 ...
 [-3.45610052 -0.32997896]
 [ 1.71736839 -3.66427358]
 [ 3.03693276 -0.38654645]]","[array([2, 2, 2, 2, 2, 2, 2, 2, 2, 2, 2, 2, 2, 2, 2, 2, 2, 2, 2, 2, 2, 2,
       2, 2, 2, 2, 2, 2, 2, 2, 2, 2, 2, 2, 2, 2, 2, 2, 3, 3, 3, 2, 0, 0,
       0, 0, 0, 2, 0, 0, 2, 0, 0, 2, 0, 2, 0, 0, 2, 2, 2, 2, 2, 2, 2, 2,
       2, 3, 2, 2, 3, 2, 2, 2, 2, 3, 3, 3, 3, 2, 3, 3, 3, 3, 3, 2, 3, 3,
       3, 3, 3, 2, 2, 2, 2, 2, 2, 2, 2, 2]), array([2, 2, 2, 2, 2, 2, 2, 2, 2, 2, 2, 2, 2, 2, 2, 2, 2, 2, 2, 2, 2, 2,
       2, 2, 2, 2, 2, 2, 2, 2, 2, 2, 2, 2, 2, 2, 2, 2, 3, 3, 3, 2, 3, 3,
       0, 0, 0, 2, 0, 0, 2, 0, 0, 2, 0, 2, 0, 0, 2, 2, 2, 2, 2, 2, 2, 2,
       2, 3, 2, 2, 3, 3, 2, 2, 2, 3, 3, 3, 3, 2, 3, 3, 3, 3, 3, 2, 3, 3,
       3, 3, 3, 2, 2, 2, 2, 2, 2, 2, 2, 2])]","[array([2, 3, 2, 3, 2, 2, 2, 2, 2, 2, 3, 2, 2, 2, 3, 2, 2, 2, 3, 2, 2, 2,
       2, 2, 3, 3, 2, 3, 3, 2, 2, 2, 2, 2, 2, 3, 2, 3, 2, 2, 0, 2, 0, 2,
       3, 2, 2, 2, 3, 2, 2, 3, 2, 2, 3, 2, 2, 2, 3, 2, 2, 2, 2, 2, 2, 2,
       3, 3, 2, 0, 3, 2, 2, 3, 3, 2, 2, 3, 2, 3, 2, 2, 2, 3, 2, 2, 2, 2,
       2, 2, 2, 2, 2, 3, 2, 2, 2, 2, 2, 2, 2, 2, 2, 2, 2, 2, 2, 2, 2, 3,
       2, 2, 2, 2, 2, 2, 2, 2, 3, 2, 3, 2, 2, 2, 2, 2, 3, 3, 2, 2, 2, 2,
       2, 3, 2, 3, 2, 2, 2, 2, 2, 2, 3, 3, 2, 2, 2, 3, 2, 2, 2, 3, 2, 2,
       2, 2, 2, 2, 2, 2, 2, 2, 3, 3, 2, 2, 2, 2, 3, 2, 0, 2, 3, 2, 3, 2,
       3, 2, 2, 2, 3, 2, 3, 2, 3, 2, 3, 2, 3, 2, 3, 2, 2, 2, 3, 2, 3, 3,
       0, 2, 2, 2, 0, 2, 2, 2, 0, 2, 2, 2, 3, 2, 2, 2, 2, 2, 3, 3, 2, 0,
       2, 2, 2, 2, 3, 2, 2, 2, 3, 2, 2, 2, 3, 2, 2, 2, 2, 3, 3, 3, 2, 3,
       3, 2, 0, 2, 2, 2, 3, 2, 2, 2, 2, 2, 2, 2, 2, 2, 2, 3, 2, 3, 2, 2,
       3, 3, 2, 3, 3, 2, 2, 2, 2, 2, 2, 2, 2, 2, 3, 2, 2, 3, 2, 2, 2, 2,
       2, 2, 2, 3, 2, 0, 0, 2, 2, 2, 2, 2, 0, 3, 2, 2, 2, 2, 3, 2, 2, 2,
       2, 2, 0, 2, 2, 2, 2, 2, 3, 2, 2, 3, 2, 2, 2, 2, 2, 2, 3, 2, 2, 2,
       3, 3, 2, 2, 2, 3, 2, 3, 3, 3, 3, 0, 2, 2, 3, 2, 3, 2, 2, 2, 2, 2,
       2, 3, 2, 2, 3, 2, 2, 2, 2, 0, 3, 2, 2, 2, 2, 2, 2, 3, 2, 3, 0, 2,
       2, 3, 2, 2, 2, 0, 2, 2, 2, 2, 2, 0, 2, 2, 3, 2, 2, 2, 3, 2, 2, 2,
       2, 2, 2, 3, 2, 2, 2, 3, 3, 2, 2, 2, 3, 2, 2, 2, 3, 2, 2, 3, 2, 3,
       2, 2, 0, 3, 2, 2, 2, 2, 2, 3, 2, 2, 2, 2, 2, 2, 2, 2, 2, 2, 2, 2,
       2, 2, 2, 2, 3, 2, 2, 2, 3, 3, 2, 3, 3, 2, 2, 2, 2, 3, 2, 2, 2, 3,
       2, 2, 2, 2, 3, 2, 2, 2, 2, 2, 3, 0, 2, 2, 2, 2, 2, 2, 2, 2, 3, 2,
       2, 2, 2, 2, 3, 2, 2, 2, 3, 3, 3, 3, 2, 2, 2, 3, 3, 3, 2, 3, 2, 2,
       2, 2, 2, 2, 2, 2, 2, 2, 3, 0, 2, 2, 3, 0, 3, 2, 3, 2, 2, 2, 3, 2,
       2, 2, 0, 2, 2, 0, 2, 2, 2, 3, 2, 2, 2, 3, 2, 2, 3, 2, 3, 2, 2, 2,
       2, 2, 2, 2, 2, 2, 2, 2, 2, 2, 2, 2, 2, 2, 3, 3, 3, 2, 2, 2, 2, 2,
       2, 2, 2, 2, 2, 2, 2, 2, 2, 3, 2, 2, 2, 3, 3, 2, 2, 2, 2, 3, 2, 2,
       2, 0, 2, 3, 2, 2, 2, 2, 3, 2, 2, 3, 2, 2, 2, 3, 2, 2, 2, 2, 2, 3,
       2, 2, 3, 2, 2, 2, 2, 2, 2, 0, 3, 2, 2, 3, 2, 2, 2, 2, 2, 2, 2, 2,
       2, 2, 2, 3, 2, 0, 2, 3, 2, 0, 2, 2, 3, 3, 3, 2, 2, 2, 0, 2, 0, 2,
       2, 2, 2, 2, 2, 2, 2, 2, 2, 2, 2, 2, 2, 2, 2, 3, 2, 2, 2, 2, 2, 2,
       2, 2, 2, 3, 2, 3, 2, 3, 2, 2, 2, 3, 2, 0, 3, 2, 2, 2, 3, 0, 2, 2,
       3, 2, 3, 2, 2, 2, 2, 3, 3, 3, 2, 3, 2, 2, 2, 2, 3, 2, 2, 2, 3, 2,
       2, 2, 3, 2, 2, 3, 3, 2, 2, 2, 2, 3, 2, 2, 2, 2, 2, 2, 3, 3, 3, 3,
       2, 2, 2, 2, 2, 2, 2, 3, 3, 2, 3, 2, 3, 2, 2, 2, 2, 3, 2, 2, 2, 2,
       0, 2, 2, 3, 2, 3, 2, 2, 2, 2, 0, 2, 2, 2, 3, 2, 2, 2, 2, 2, 2, 2,
       0, 2, 2, 3, 2, 3, 2, 2, 2, 0, 2, 2, 2, 2, 3, 3, 2, 2, 2, 2, 2, 3,
       2, 2, 2, 2, 2, 2, 2, 2, 2, 3, 2, 2, 2, 2, 2, 2, 2, 2, 2, 2, 2, 2,
       3, 2, 2, 2, 2, 2, 2, 2, 2, 3, 2, 2, 2, 2, 2, 2, 2, 2, 2, 3, 2, 2,
       2, 2, 2, 3, 3, 2, 2, 2, 3, 2, 3, 2, 2, 2, 2, 2, 2, 2, 3, 3, 2, 2,
       2, 2, 0, 3, 2, 0, 3, 2, 2, 2, 2, 2, 2, 0, 3, 3, 3, 2, 0, 2, 3, 2,
       2, 2, 2, 3, 2, 2, 2, 2, 2, 2, 2, 2, 0, 2, 0, 2, 3, 2, 2, 3, 2, 2,
       2, 2, 2, 3, 3, 3, 2, 2, 2, 2, 2, 2, 2, 3, 2, 2, 2, 2, 2, 2, 2, 0,
       2, 2, 3, 2, 0, 3, 2, 2, 2, 2, 2, 2, 3, 2, 2, 2, 2, 2, 2, 2, 2, 2,
       2, 2, 0, 2, 2, 2, 2, 2, 3, 3, 3, 3, 2, 2, 3, 2, 3, 2, 2, 2, 3, 3,
       2, 2, 3, 2, 3, 2, 2, 2, 2, 3]), array([2, 3, 2, 3, 2, 2, 2, 2, 2, 2, 3, 2, 2, 2, 3, 2, 2, 2, 3, 2, 2, 2,
       2, 2, 3, 3, 2, 3, 3, 2, 2, 2, 2, 2, 2, 3, 2, 3, 2, 2, 0, 2, 0, 2,
       3, 2, 3, 2, 3, 2, 2, 3, 2, 2, 3, 2, 2, 2, 3, 2, 2, 2, 2, 2, 2, 2,
       3, 3, 2, 0, 3, 2, 2, 3, 3, 2, 2, 3, 2, 3, 2, 2, 2, 3, 2, 2, 2, 2,
       2, 2, 2, 2, 2, 3, 2, 2, 2, 2, 2, 2, 2, 2, 2, 2, 2, 2, 2, 2, 2, 3,
       2, 2, 2, 2, 2, 2, 2, 2, 3, 2, 3, 2, 2, 2, 2, 2, 3, 3, 2, 2, 2, 2,
       2, 3, 2, 3, 2, 2, 2, 2, 2, 2, 3, 3, 2, 2, 2, 3, 2, 2, 2, 3, 2, 2,
       2, 2, 2, 2, 2, 2, 2, 2, 3, 3, 2, 2, 2, 2, 3, 2, 0, 2, 3, 2, 3, 2,
       3, 2, 2, 2, 3, 2, 3, 2, 3, 2, 3, 2, 3, 2, 3, 2, 2, 2, 3, 2, 3, 3,
       0, 2, 2, 2, 0, 2, 2, 2, 0, 2, 2, 2, 3, 2, 2, 2, 2, 2, 3, 3, 2, 0,
       2, 2, 2, 2, 3, 2, 2, 2, 3, 2, 2, 2, 3, 2, 2, 2, 2, 3, 3, 3, 2, 3,
       3, 2, 0, 2, 2, 2, 3, 2, 2, 2, 2, 2, 2, 2, 2, 2, 2, 3, 2, 3, 2, 2,
       3, 3, 2, 3, 3, 2, 2, 2, 2, 2, 2, 2, 2, 2, 3, 2, 2, 3, 2, 2, 2, 2,
       3, 2, 2, 3, 2, 0, 0, 2, 2, 2, 2, 2, 0, 3, 2, 2, 2, 2, 3, 2, 2, 2,
       2, 2, 0, 2, 2, 2, 2, 2, 3, 2, 2, 3, 2, 2, 2, 2, 2, 2, 3, 2, 2, 2,
       3, 3, 2, 2, 2, 3, 2, 3, 3, 3, 3, 0, 2, 2, 3, 2, 3, 2, 2, 2, 2, 2,
       2, 3, 2, 2, 3, 2, 2, 2, 2, 0, 3, 2, 2, 2, 2, 2, 2, 3, 2, 3, 0, 2,
       2, 3, 2, 2, 2, 0, 2, 2, 2, 2, 2, 0, 2, 2, 3, 2, 2, 2, 3, 2, 2, 2,
       2, 2, 2, 3, 2, 2, 2, 3, 3, 2, 2, 2, 3, 2, 2, 2, 3, 2, 2, 3, 2, 3,
       2, 2, 0, 3, 2, 2, 2, 2, 2, 3, 2, 2, 2, 2, 2, 2, 2, 2, 2, 2, 2, 2,
       2, 2, 2, 2, 3, 2, 2, 2, 3, 3, 2, 3, 3, 2, 2, 2, 2, 3, 2, 2, 2, 3,
       2, 2, 2, 2, 3, 2, 2, 2, 2, 2, 3, 0, 2, 2, 2, 2, 2, 2, 2, 2, 3, 2,
       2, 2, 2, 2, 3, 2, 2, 2, 3, 3, 3, 3, 2, 2, 2, 3, 3, 3, 2, 3, 2, 2,
       2, 2, 2, 2, 2, 2, 2, 2, 3, 0, 2, 2, 3, 0, 3, 2, 3, 2, 2, 2, 3, 2,
       2, 2, 0, 2, 2, 0, 2, 2, 2, 3, 2, 2, 2, 3, 2, 2, 3, 2, 3, 2, 2, 2,
       2, 2, 2, 2, 2, 2, 2, 2, 2, 2, 2, 2, 2, 2, 3, 3, 3, 2, 2, 2, 2, 2,
       2, 2, 2, 2, 2, 2, 2, 2, 2, 3, 2, 2, 2, 3, 3, 2, 2, 2, 2, 3, 2, 2,
       2, 0, 2, 3, 2, 2, 2, 2, 3, 2, 2, 3, 2, 2, 2, 3, 2, 2, 2, 2, 2, 3,
       2, 2, 3, 2, 2, 2, 2, 2, 2, 0, 3, 2, 2, 3, 2, 2, 2, 2, 2, 2, 2, 2,
       2, 2, 2, 3, 2, 0, 2, 3, 2, 0, 2, 2, 3, 3, 3, 2, 2, 2, 0, 2, 0, 2,
       2, 2, 2, 2, 2, 2, 2, 2, 2, 2, 2, 2, 2, 2, 2, 3, 2, 2, 2, 2, 2, 2,
       2, 2, 2, 3, 2, 3, 2, 3, 2, 2, 2, 3, 2, 0, 3, 2, 2, 2, 3, 0, 2, 2,
       3, 2, 3, 2, 2, 2, 2, 3, 3, 3, 2, 3, 2, 2, 2, 2, 3, 2, 2, 2, 3, 2,
       2, 2, 3, 2, 2, 3, 3, 2, 2, 2, 2, 3, 2, 2, 2, 2, 2, 2, 3, 3, 3, 3,
       2, 2, 2, 2, 2, 2, 2, 3, 3, 2, 3, 2, 3, 2, 2, 2, 2, 3, 2, 2, 2, 2,
       0, 2, 2, 3, 2, 3, 2, 2, 2, 2, 0, 2, 2, 2, 3, 2, 2, 2, 2, 2, 2, 2,
       0, 2, 2, 3, 2, 3, 2, 2, 2, 0, 2, 2, 2, 2, 3, 3, 2, 2, 2, 2, 2, 3,
       2, 2, 2, 2, 2, 2, 2, 2, 2, 3, 2, 2, 2, 2, 2, 2, 2, 2, 2, 2, 2, 2,
       3, 2, 2, 2, 2, 2, 2, 2, 2, 3, 2, 2, 2, 2, 2, 2, 2, 2, 2, 3, 2, 2,
       2, 2, 2, 3, 3, 2, 2, 2, 3, 2, 3, 2, 2, 2, 2, 2, 2, 2, 3, 3, 2, 2,
       2, 2, 0, 3, 2, 0, 3, 2, 2, 2, 2, 2, 2, 0, 3, 3, 3, 2, 0, 2, 3, 2,
       2, 2, 2, 3, 2, 2, 2, 2, 2, 2, 2, 2, 0, 2, 0, 2, 3, 2, 2, 3, 2, 2,
       2, 2, 2, 3, 3, 3, 2, 2, 2, 2, 2, 2, 2, 3, 2, 2, 2, 2, 2, 2, 2, 0,
       2, 2, 3, 2, 0, 3, 2, 2, 2, 2, 2, 2, 3, 2, 2, 2, 2, 2, 2, 2, 2, 2,
       2, 2, 0, 2, 2, 2, 2, 2, 3, 3, 3, 3, 2, 2, 3, 2, 3, 2, 2, 2, 3, 3,
       2, 2, 3, 2, 3, 2, 2, 2, 2, 3])]","[28.0, 30.0]","[26.3, 26.3]"
